{
    "simulation_name": "empe_048/Lev4",
    "alternative_names": "SXS:BBH:1374",
    "initial_data_type": "BBH_SKS",
    "object_types": "BHBH",
    "number_of_orbits": 15.5863294533,
    "reference_mass_ratio": 3.0000786937468877,
    "reference_chi_eff": -6.527677180717891e-05,
    "reference_chi1_perp": 1.3270364644076967e-07,
    "reference_chi2_perp": 2.3736916065635258e-07,
    "reference_eccentricity": "<1.7e+00",
    "reference_dimensionless_spin1": [
        7.32703209359e-08,
        1.10635578094e-07,
        -8.02518969361e-05
    ],
    "reference_dimensionless_spin2": [
        1.24019375914e-07,
        2.02392415952e-07,
        -2.03502180148e-05
    ],
    "reference_orbital_frequency": [
        2.16215951118e-09,
        -3.27100071385e-10,
        0.0131977649155
    ],
    "reference_mass1": 0.749968560463,
    "reference_mass2": 0.249982962789,
    "reference_time": 320.0,
    "reference_position1": [
        4.10240023179,
        0.627934099474,
        2.84974920354e-05
    ],
    "reference_position2": [
        -12.3557262616,
        -1.98102463072,
        3.1129127344e-05
    ],
    "reference_mean_anomaly": 3.45581,
    "keywords": [],
    "point_of_contact_email": "ian.hinder@aei.mpg.de",
    "authors_emails": [],
    "simulation_bibtex_keys": [
        "Hinder:2017sxy",
        "Boyle:2019kee",
        "SXSCatalogWebsite"
    ],
    "code_bibtex_keys": [
        "Ossokine:2013zga",
        "Hemberger:2012jz",
        "Szilagyi:2009qz",
        "Boyle:2009vi",
        "Scheel:2008rj",
        "Boyle:2007ft",
        "Scheel:2006gg",
        "Lindblom:2005qh",
        "Pfeiffer:2002wt",
        "SpECwebsite"
    ],
    "initial_data_bibtex_keys": [
        "Buchman:2012dw",
        "Lovelace:2008tw",
        "Pfeiffer:2007yz",
        "Caudill:2006hw",
        "Cook:2004kt"
    ],
    "quasicircular_bibtex_keys": [
        "Mroue:2012kv",
        "Buonanno:2010yk",
        "Mroue:2010re",
        "Boyle:2007ft"
    ],
    "initial_separation": 18.1037705655009,
    "initial_orbital_frequency": 0.0108005028687576,
    "initial_adot": -0.0017314072727828,
    "object1": "bh",
    "object2": "bh",
    "initial_ADM_energy": 0.9943676471500885,
    "initial_ADM_linear_momentum": [
        3.12389671e-08,
        -1.237980885e-07,
        1.450309e-10
    ],
    "initial_ADM_angular_momentum": [
        1.022947686e-07,
        -9.364069853e-07,
        0.7979956215005222
    ],
    "initial_mass1": 0.750000006755077,
    "initial_mass2": 0.249999995551227,
    "initial_dimensionless_spin1": [
        6.202e-13,
        5.87e-13,
        2.4835946e-09
    ],
    "initial_dimensionless_spin2": [
        1.243e-13,
        -1.56e-13,
        -3.9479231e-09
    ],
    "initial_position1": [
        4.517546074157371,
        0.0235891310041672,
        -9.75880462e-08
    ],
    "initial_position2": [
        -13.586224491343527,
        0.0235891310041672,
        -9.75880462e-08
    ],
    "relaxation_time": 320.0,
    "common_horizon_time": 3732.8265017,
    "remnant_mass": 0.971401335478,
    "remnant_dimensionless_spin": [
        1.32719795562e-07,
        2.96177890427e-08,
        0.542413970746
    ],
    "remnant_velocity": [
        -0.000331146243904,
        0.000484893676892,
        4.29120582341e-07
    ],
    "metadata_version": 1,
    "spec_revisions": "InitialCommit-28949-g2a53b76",
    "spells_revision": "2a53b76e83e76f1e586e94f64004dbaf0036600e",
    "com_parameters": {
        "space_translation": [
            0.00263761,
            -0.01059943,
            -0.00013265
        ],
        "boost_velocity": [
            9.07345373e-06,
            1.79683488e-05,
            4.3095794e-07
        ]
    },
    "initial_mass_ratio": 3.0000000804055853
}